<?xml version="1.0" encoding="UTF-8"?>
<GenRun Id="Fifo_Auto_TA_synth_1" LaunchPart="xc7a100tfgg484-2" LaunchTime="1505447582">
  <File Type="RDS-PROPCONSTRS" Name="Fifo_Auto_TA_drc_synth.rpt"/>
  <File Type="PA-TCL" Name="Fifo_Auto_TA.tcl"/>
  <File Type="RDS-RDS" Name="Fifo_Auto_TA.vds"/>
  <File Type="RDS-UTIL" Name="Fifo_Auto_TA_utilization_synth.rpt"/>
  <File Type="RDS-UTIL-PB" Name="Fifo_Auto_TA_utilization_synth.pb"/>
  <File Type="RDS-DCP" Name="Fifo_Auto_TA.dcp"/>
  <File Type="VDS-TIMINGSUMMARY" Name="Fifo_Auto_TA_timing_summary_synth.rpt"/>
  <File Type="VDS-TIMING-PB" Name="Fifo_Auto_TA_timing_summary_synth.pb"/>
  <FileSet Name="sources" Type="BlockSrcs" RelSrcDir="$PSRCDIR/Fifo_Auto_TA">
    <File Path="$PSRCDIR/sources_1/ip/Fifo_Auto_TA/Fifo_Auto_TA.xci">
      <FileInfo>
        <Attr Name="UsedIn" Val="synthesis"/>
        <Attr Name="UsedIn" Val="implementation"/>
        <Attr Name="UsedIn" Val="simulation"/>
      </FileInfo>
    </File>
    <Config>
      <Option Name="TopModule" Val="Fifo_Auto_TA"/>
      <Option Name="UseBlackboxStub" Val="1"/>
    </Config>
  </FileSet>
  <FileSet Name="constrs_in" Type="BlockSrcs" RelSrcDir="$PSRCDIR/Fifo_Auto_TA">
    <File Path="$PSRCDIR/sources_1/ip/Fifo_Auto_TA/Fifo_Auto_TA.xci">
      <FileInfo>
        <Attr Name="UsedIn" Val="synthesis"/>
        <Attr Name="UsedIn" Val="implementation"/>
        <Attr Name="UsedIn" Val="simulation"/>
      </FileInfo>
    </File>
    <Config>
      <Option Name="TopModule" Val="Fifo_Auto_TA"/>
      <Option Name="UseBlackboxStub" Val="1"/>
    </Config>
  </FileSet>
  <Strategy Version="1" Minor="2">
    <StratHandle Name="Vivado Synthesis Defaults" Flow="Vivado Synthesis 2017"/>
    <Step Id="synth_design"/>
  </Strategy>
</GenRun>
