<?xml version="1.0" encoding="UTF-8"?>
<GenRun Id="ODDR_Clk_synth_1" LaunchPart="xc7a100tfgg484-2" LaunchTime="1505977298">
  <File Type="RDS-PROPCONSTRS" Name="ODDR_Clk_drc_synth.rpt"/>
  <File Type="PA-TCL" Name="ODDR_Clk.tcl"/>
  <File Type="RDS-RDS" Name="ODDR_Clk.vds"/>
  <File Type="RDS-UTIL" Name="ODDR_Clk_utilization_synth.rpt"/>
  <File Type="RDS-UTIL-PB" Name="ODDR_Clk_utilization_synth.pb"/>
  <File Type="RDS-DCP" Name="ODDR_Clk.dcp"/>
  <File Type="VDS-TIMINGSUMMARY" Name="ODDR_Clk_timing_summary_synth.rpt"/>
  <File Type="VDS-TIMING-PB" Name="ODDR_Clk_timing_summary_synth.pb"/>
  <FileSet Name="sources" Type="BlockSrcs" RelSrcDir="$PSRCDIR/ODDR_Clk">
    <File Path="$PSRCDIR/sources_1/ip/ODDR_Clk/ODDR_Clk.xci">
      <FileInfo>
        <Attr Name="UsedIn" Val="synthesis"/>
        <Attr Name="UsedIn" Val="implementation"/>
        <Attr Name="UsedIn" Val="simulation"/>
      </FileInfo>
    </File>
    <Config>
      <Option Name="TopModule" Val="ODDR_Clk"/>
      <Option Name="UseBlackboxStub" Val="1"/>
    </Config>
  </FileSet>
  <FileSet Name="constrs_in" Type="BlockSrcs" RelSrcDir="$PSRCDIR/ODDR_Clk">
    <File Path="$PSRCDIR/sources_1/ip/ODDR_Clk/ODDR_Clk.xci">
      <FileInfo>
        <Attr Name="UsedIn" Val="synthesis"/>
        <Attr Name="UsedIn" Val="implementation"/>
        <Attr Name="UsedIn" Val="simulation"/>
      </FileInfo>
    </File>
    <Config>
      <Option Name="TopModule" Val="ODDR_Clk"/>
      <Option Name="UseBlackboxStub" Val="1"/>
    </Config>
  </FileSet>
  <Strategy Version="1" Minor="2">
    <StratHandle Name="Vivado Synthesis Defaults" Flow="Vivado Synthesis 2017"/>
    <Step Id="synth_design"/>
  </Strategy>
</GenRun>
